arch_cd,arch_nm,describe,arch_type,parent,child_flg,max_level,arch_group,fault_type,useflg,created_at,updated_at,uncheck
A,公共故障,,1,%,1,1,3,00,1,2026-05-08 04:35:23.835955,2026-05-08 04:35:23.835955,
A1,配件损坏,配件损坏，无法运行|相对配件型号+A1,2,A,0,1,3,,1,2026-05-08 04:35:23.835955,2026-05-08 04:35:23.835955,
A2,连接性故障,配件间没有连接，连接后能够正常运用|,2,A,0,1,3,,1,2026-05-08 04:35:23.835955,2026-05-08 04:35:23.835955,
A3,接触性故障,配件间连接了但接触不好，通过重新插拔能够正常工作|,2,A,0,1,3,,1,2026-05-08 04:35:23.835955,2026-05-08 04:35:23.835955,
A4,调节类故障,通过调节旋钮或位置能够使设备正常工作|,2,A,0,1,3,,1,2026-05-08 04:35:23.835955,2026-05-08 04:35:23.835955,
A5,清理类故障,通过清理灰尘或表面氧化物等污物，能够使设备正常工作|,2,A,0,1,3,,1,2026-05-08 04:35:23.835955,2026-05-08 04:35:23.835955,
A6,驱动安装,配件的驱动安装,2,A,0,1,3,,1,2026-05-08 04:35:23.835955,2026-05-08 04:35:23.835955,
A7,结构损坏,显示器外壳开裂、打印机机盖断脚|,2,A,0,1,3,,1,2026-05-08 04:35:23.835955,2026-05-08 04:35:23.835955,
A8,其他,不在列表中的故障，需要文字说明|,2,A,0,1,3,,1,2026-05-08 04:35:23.835955,2026-05-08 04:35:23.835955,
B,主板故障,,1,%,1,1,3,MB,1,2026-05-08 04:35:23.835955,2026-05-08 04:35:23.835955,
B1,爆电容,主板表面电容有突起现象|直观,2,B,0,1,3,,1,2026-05-08 04:35:23.835955,2026-05-08 04:35:23.835955,
B2,IDE口,IDE口坏|保证硬盘及数据线完好的情况下进行加电测试,2,B,0,1,3,,1,2026-05-08 04:35:23.835955,2026-05-08 04:35:23.835955,
B3,SATA口,SATA口坏|保证硬盘及数据线完好的情况下进行加电测试,2,B,0,1,3,,1,2026-05-08 04:35:23.835955,2026-05-08 04:35:23.835955,
B4,LTP口,LTP口坏|保证打印机及数据线完好的情况下进行加电测试,2,B,0,1,3,,1,2026-05-08 04:35:23.835955,2026-05-08 04:35:23.835955,
B5,COM口,COM口坏|保证串口设备完好的情况下进行加电测试,2,B,0,1,3,,1,2026-05-08 04:35:23.835955,2026-05-08 04:35:23.835955,
B6,USB口,USB口坏|保证USB设备完好的情况下进行加电测试,2,B,0,1,3,,1,2026-05-08 04:35:23.835955,2026-05-08 04:35:23.835955,
B7,PS/2口,PS/2口坏|保证键盘或扫描设备及数据线完好的情况下进行加电测试,2,B,0,1,3,,1,2026-05-08 04:35:23.835955,2026-05-08 04:35:23.835955,
B8,VGA口,VGA口坏|保证显示器完好的情况下进行加电测试,2,B,0,1,3,,1,2026-05-08 04:35:23.835955,2026-05-08 04:35:23.835955,
B9,内存插槽,内存插槽坏|保证内存完好的情况下进行加电测试,2,B,0,1,3,,1,2026-05-08 04:35:23.835955,2026-05-08 04:35:23.835955,
BA,PCI插槽,PCI插槽坏|保证PCI设备完好的情况下进行加电测试,2,B,0,1,3,,1,2026-05-08 04:35:23.835955,2026-05-08 04:35:23.835955,
BB,LAN口,LAN口坏|保证网络及网线完好的情况下进行加电测试,2,B,0,1,3,,1,2026-05-08 04:35:23.835955,2026-05-08 04:35:23.835955,
BC,AUDIO口,AUDIO口坏|保证音箱设备完好的情况下进行加电测试,2,B,0,1,3,,1,2026-05-08 04:35:23.835955,2026-05-08 04:35:23.835955,
BD,COMS电池,电池电压低于2.7V|用万用表检测,2,B,0,1,3,,1,2026-05-08 04:35:23.835955,2026-05-08 04:35:23.835955,
BF,COMS掉电,CMOS初始化状态|用万用表检测是否有漏电现象，主板上是否有污物及是否爆电容,2,B,0,1,3,,1,2026-05-08 04:35:23.835955,2026-05-08 04:35:23.835955,
BG,COMS时间不准,时间与北京时间相差10分钟|直观,2,B,0,1,3,,1,2026-05-08 04:35:23.835955,2026-05-08 04:35:23.835955,
BH,CPU风扇,风扇不转|用手去波动风扇是否转动，及加电后替换法进行检测,2,B,0,1,3,,1,2026-05-08 04:35:23.835955,2026-05-08 04:35:23.835955,
BS,扫描设备,第5位：“P”为电源类；“T”为支架类；“L”为线材类。,1,%,1,2,2,,1,2026-05-08 04:35:23.835955,2026-05-08 04:35:23.835955,
BS10,10,,2,BS,1,2,2,,1,2026-05-08 04:35:23.835955,2026-05-08 04:35:23.835955,
BS1000,C1000红光枪（套件）,,3,BS10,0,2,2,,1,2026-05-08 04:35:23.835955,2026-05-08 04:35:23.835955,
BS1001,C1000红光枪,,3,BS10,0,2,2,,1,2026-05-08 04:35:23.835955,2026-05-08 04:35:23.835955,
BS10L1,C1000红光枪数据线,,3,BS10,0,2,2,,1,2026-05-08 04:35:23.835955,2026-05-08 04:35:23.835955,
BS22,22,,2,BS,1,2,2,,1,2026-05-08 04:35:23.835955,2026-05-08 04:35:23.835955,
BS2200,LS2208激光枪(套件),,3,BS22,0,2,2,,1,2026-05-08 04:35:23.835955,2026-05-08 04:35:23.835955,
BS2201,LS2208激光枪,,3,BS22,0,2,2,,1,2026-05-08 04:35:23.835955,2026-05-08 04:35:23.835955,
BS22L1,LS2208激光枪线,,3,BS22,0,2,2,,1,2026-05-08 04:35:23.835955,2026-05-08 04:35:23.835955,
BS22T1,LS2208激光枪托,,3,BS22,0,2,2,,1,2026-05-08 04:35:23.835955,2026-05-08 04:35:23.835955,
BS30,30,,2,BS,1,2,2,,1,2026-05-08 04:35:23.835955,2026-05-08 04:35:23.835955,
BS3000,HR1030红光枪（套件）,,3,BS30,0,2,2,,1,2026-05-08 04:35:23.835955,2026-05-08 04:35:23.835955,
BS3001,HR1030红光枪,,3,BS30,0,2,2,,1,2026-05-08 04:35:23.835955,2026-05-08 04:35:23.835955,
BS30L1,HR1030红光枪数据线,,3,BS30,0,2,2,,1,2026-05-08 04:35:23.835955,2026-05-08 04:35:23.835955,
BS30T1,HR1030红光枪支架,,3,BS30,0,2,2,,1,2026-05-08 04:35:23.835955,2026-05-08 04:35:23.835955,
BS31,31,,2,BS,1,2,2,,1,2026-05-08 04:35:23.835955,2026-05-08 04:35:23.835955,
BS3100,HR1030红光枪USB口(套件),,3,BS31,0,2,2,,1,2026-05-08 04:35:23.835955,2026-05-08 04:35:23.835955,
BS3101,HR1030红光枪USB口,,3,BS31,0,2,2,,1,2026-05-08 04:35:23.835955,2026-05-08 04:35:23.835955,
BS31L1,HR1030红光枪USB口数据线,,3,BS31,0,2,2,,1,2026-05-08 04:35:23.835955,2026-05-08 04:35:23.835955,
BS31T1,HR1030红光枪USB口支架,,3,BS31,0,2,2,,1,2026-05-08 04:35:23.835955,2026-05-08 04:35:23.835955,
BS68,68,,2,BS,1,2,2,,1,2026-05-08 04:35:23.835955,2026-05-08 04:35:23.835955,
BS6800,AS6800激光平台（套件）,,3,BS68,0,2,2,,1,2026-05-08 04:35:23.835955,2026-05-08 04:35:23.835955,
BS6801,AS6800激光平台,,3,BS68,0,2,2,,1,2026-05-08 04:35:23.835955,2026-05-08 04:35:23.835955,
BS68L1,AS6800激光平台数据线,,3,BS68,0,2,2,,1,2026-05-08 04:35:23.835955,2026-05-08 04:35:23.835955,
BS68P1,AS6800激光平台电源,,3,BS68,0,2,2,,1,2026-05-08 04:35:23.835955,2026-05-08 04:35:23.835955,
BS71,71,,2,BS,1,2,2,,1,2026-05-08 04:35:23.835955,2026-05-08 04:35:23.835955,
BS7100,MS7120激光平台（套件）,,3,BS71,0,2,2,,1,2026-05-08 04:35:23.835955,2026-05-08 04:35:23.835955,
BS7101,MS7120激光平台,,3,BS71,0,2,2,,1,2026-05-08 04:35:23.835955,2026-05-08 04:35:23.835955,
BS71L1,MS7120激光平台数据线,,3,BS71,0,2,2,,1,2026-05-08 04:35:23.835955,2026-05-08 04:35:23.835955,
BS71P1,MS7120激光平台电源,,3,BS71,0,2,2,,1,2026-05-08 04:35:23.835955,2026-05-08 04:35:23.835955,
BS73,73,,2,BS,1,2,2,,1,2026-05-08 04:35:23.835955,2026-05-08 04:35:23.835955,
BS7300,MSA7320激光平台(套件),,3,BS73,0,2,2,,1,2026-05-08 04:35:23.835955,2026-05-08 04:35:23.835955,
BS7301,MSA7320激光平台,,3,BS73,0,2,2,,1,2026-05-08 04:35:23.835955,2026-05-08 04:35:23.835955,
BS73L1,MSA7320激光平台数据线,,3,BS73,0,2,2,,1,2026-05-08 04:35:23.835955,2026-05-08 04:35:23.835955,
BS73P1,MSA7320激光平台电源,,3,BS73,0,2,2,,1,2026-05-08 04:35:23.835955,2026-05-08 04:35:23.835955,
BS80,80,,2,BS,1,2,2,,1,2026-05-08 04:35:23.835955,2026-05-08 04:35:23.835955,
BS8000,AS8000红光枪（套件）,,3,BS80,0,2,2,,1,2026-05-08 04:35:23.835955,2026-05-08 04:35:23.835955,
BS81,81,,2,BS,1,2,2,,1,2026-05-08 04:35:23.835955,2026-05-08 04:35:23.835955,
BS8100,AS8120红光枪（套件）,,3,BS81,0,2,2,,1,2026-05-08 04:35:23.835955,2026-05-08 04:35:23.835955,
BS8101,AS8120红光枪,,3,BS81,0,2,2,,1,2026-05-08 04:35:23.835955,2026-05-08 04:35:23.835955,
BS81L1,AS8120红光枪数据线,,3,BS81,0,2,2,,1,2026-05-08 04:35:23.835955,2026-05-08 04:35:23.835955,
BS95,95,,2,BS,1,2,2,,1,2026-05-08 04:35:23.835955,2026-05-08 04:35:23.835955,
BS9500,MS9540激光枪（套件）,,3,BS95,0,2,2,,1,2026-05-08 04:35:23.835955,2026-05-08 04:35:23.835955,
BS9501,MS9540激光枪,,3,BS95,0,2,2,,1,2026-05-08 04:35:23.835955,2026-05-08 04:35:23.835955,
BS95L1,MS9540激光枪线,,3,BS95,0,2,2,,1,2026-05-08 04:35:23.835955,2026-05-08 04:35:23.835955,
BS95T1,MS9540激光枪托,,3,BS95,0,2,2,,1,2026-05-08 04:35:23.835955,2026-05-08 04:35:23.835955,
BSV8,V8,,2,BS,1,2,2,,1,2026-05-08 04:35:23.835955,2026-05-08 04:35:23.835955,
BSV800,VS800激光平台(套件),,3,BSV8,0,2,2,,1,2026-05-08 04:35:23.835955,2026-05-08 04:35:23.835955,
BSV801,VS800激光平台,,3,BSV8,0,2,2,,1,2026-05-08 04:35:23.835955,2026-05-08 04:35:23.835955,
BSV8L1,VS800激光平台数据线,,3,BSV8,0,2,2,,1,2026-05-08 04:35:23.835955,2026-05-08 04:35:23.835955,
BSV8P1,VS800激光平台电源,,3,BSV8,0,2,2,,1,2026-05-08 04:35:23.835955,2026-05-08 04:35:23.835955,
C,硬盘故障,,1,%,1,1,3,HD,1,2026-05-08 04:35:23.835955,2026-05-08 04:35:23.835955,
C1,坏道,有坏道|通过SCANDISK或FSCK、badblocks检查是否有坏道,2,C,0,1,3,,1,2026-05-08 04:35:23.835955,2026-05-08 04:35:23.835955,
C2,异响,硬盘在摇晃时有异响|有时认盘，有时不认，需要确认数据线时完好的,2,C,0,1,3,,1,2026-05-08 04:35:23.835955,2026-05-08 04:35:23.835955,
CB,银箱,第5位：“L”为线材类。,1,%,1,2,2,,1,2026-05-08 04:35:23.835955,2026-05-08 04:35:23.835955,
CB20,20,,2,CB,1,2,2,,1,2026-05-08 04:35:23.835955,2026-05-08 04:35:23.835955,
CB2000,YX-2000银箱,,3,CB20,0,2,2,,1,2026-05-08 04:35:23.835955,2026-05-08 04:35:23.835955,
CB21,21,,2,CB,1,2,2,,1,2026-05-08 04:35:23.835955,2026-05-08 04:35:23.835955,
CB2100,YX-2144银箱,,3,CB21,0,2,2,,1,2026-05-08 04:35:23.835955,2026-05-08 04:35:23.835955,
CB33,33,,2,CB,1,2,2,,1,2026-05-08 04:35:23.835955,2026-05-08 04:35:23.835955,
CB3300,E3336A,,3,CB33,0,2,2,,1,2026-05-08 04:35:23.835955,2026-05-08 04:35:23.835955,
CB35,35,,2,CB,1,2,2,,1,2026-05-08 04:35:23.835955,2026-05-08 04:35:23.835955,
CB3500,WX-350银箱,,3,CB35,0,2,2,,1,2026-05-08 04:35:23.835955,2026-05-08 04:35:23.835955,
CB41,41,,2,CB,1,2,2,,1,2026-05-08 04:35:23.835955,2026-05-08 04:35:23.835955,
CB4100,410A/4144银箱,,3,CB41,0,2,2,,1,2026-05-08 04:35:23.835955,2026-05-08 04:35:23.835955,
CB50,50,,2,CB,1,2,2,,1,2026-05-08 04:35:23.835955,2026-05-08 04:35:23.835955,
CB5000,EX2007(TFP5000银箱),,3,CB50,0,2,2,,1,2026-05-08 04:35:23.835955,2026-05-08 04:35:23.835955,
CB50L1,TFP5000钱箱数据线,,3,CB50,0,2,2,,1,2026-05-08 04:35:23.835955,2026-05-08 04:35:23.835955,
CB60,60,,2,CB,1,2,2,,1,2026-05-08 04:35:23.835955,2026-05-08 04:35:23.835955,
CB6000,PST6000银箱,,3,CB60,0,2,2,,1,2026-05-08 04:35:23.835955,2026-05-08 04:35:23.835955,
CD,客显,第5位：“L”为线材类。,1,%,1,2,2,,1,2026-05-08 04:35:23.835955,2026-05-08 04:35:23.835955,
CD50,50,,2,CD,1,2,2,,1,2026-05-08 04:35:23.835955,2026-05-08 04:35:23.835955,
CD5000,TFP5000客显屏,,3,CD50,0,2,2,,1,2026-05-08 04:35:23.835955,2026-05-08 04:35:23.835955,
CD70,70,,2,CD,1,2,2,,1,2026-05-08 04:35:23.835955,2026-05-08 04:35:23.835955,
CD7000,LED8（TFP7000客显）,,3,CD70,0,2,2,,1,2026-05-08 04:35:23.835955,2026-05-08 04:35:23.835955,
CDA0,A0,,2,CD,1,2,2,,1,2026-05-08 04:35:23.835955,2026-05-08 04:35:23.835955,
CDA001,安卓10寸客显触摸屏,,3,CDA0,0,2,2,,1,2026-05-08 04:35:23.835955,2026-05-08 04:35:23.835955,
CDA002,安卓10寸客显非触摸屏,,3,CDA0,0,2,2,,1,2026-05-08 04:35:23.835955,2026-05-08 04:35:23.835955,
CDBS,BS,,2,CD,1,2,2,,1,2026-05-08 04:35:23.835955,2026-05-08 04:35:23.835955,
CDBS00,BS808客显(套件),,3,CDBS,0,2,2,,1,2026-05-08 04:35:23.835955,2026-05-08 04:35:23.835955,
CDBS01,BS808客显,,3,CDBS,0,2,2,,1,2026-05-08 04:35:23.835955,2026-05-08 04:35:23.835955,
CDBSL1,BS808客显数据线,,3,CDBS,0,2,2,,1,2026-05-08 04:35:23.835955,2026-05-08 04:35:23.835955,
CDZQ,ZQ,,2,CD,1,2,2,,1,2026-05-08 04:35:23.835955,2026-05-08 04:35:23.835955,
CDZQ00,ZQ-8DLII客显(套件),,3,CDZQ,0,2,2,,1,2026-05-08 04:35:23.835955,2026-05-08 04:35:23.835955,
CDZQ01,ZQ-8DLII客显,,3,CDZQ,0,2,2,,1,2026-05-08 04:35:23.835955,2026-05-08 04:35:23.835955,
CDZQ02,ZQ-8DLII客显端口转换模块,,3,CDZQ,0,2,2,,1,2026-05-08 04:35:23.835955,2026-05-08 04:35:23.835955,
CDZQL1,ZQ-8DLII客显数据线（2）,,3,CDZQ,0,2,2,,1,2026-05-08 04:35:23.835955,2026-05-08 04:35:23.835955,
CDZQL2,ZQ-8DLII客显数据线（1）,,3,CDZQ,0,2,2,,1,2026-05-08 04:35:23.835955,2026-05-08 04:35:23.835955,
CR,综合故障,,1,%,1,2,1,,1,2026-05-08 04:35:23.835955,2026-05-08 04:35:23.835955,
CR0100,通信类,,2,CR,1,2,1,,1,2026-05-08 04:35:23.835955,2026-05-08 04:35:23.835955,
CR010001,通讯,连接服务器失败|软件提示,3,CR0100,0,2,1,,1,2026-05-08 04:35:23.835955,2026-05-08 04:35:23.835955,
CR010002,设置,用户名、密码设置，电话号码设置，通讯路径设置|检查设置,3,CR0100,0,2,1,,1,2026-05-08 04:35:23.835955,2026-05-08 04:35:23.835955,
CR010003,电话线有干扰,电话线路不正常，较难做通数据通讯|检查类,3,CR0100,0,2,1,,1,2026-05-08 04:35:23.835955,2026-05-08 04:35:23.835955,
CR010004,不是电信ISP,电话线路不是电信线路，如：网通、铁通等其他ISP|检查类,3,CR0100,0,2,1,,1,2026-05-08 04:35:23.835955,2026-05-08 04:35:23.835955,
CR010005,宽带故障,宽带线路故障（如ADSL）|检查类,3,CR0100,0,2,1,,1,2026-05-08 04:35:23.835955,2026-05-08 04:35:23.835955,
CR010006,电话线路转宽带,统一为“XC0006G6”|操作,3,CR0100,0,2,1,,1,2026-05-08 04:35:23.835955,2026-05-08 04:35:23.835955,
CR010007,宽带转电话线路,统一为“XC0006G6”|操作,3,CR0100,0,2,1,,1,2026-05-08 04:35:23.835955,2026-05-08 04:35:23.835955,
CR010008,电话线转3G、4G通讯,,3,CR0100,0,2,1,,1,2026-05-08 04:35:23.835955,2026-05-08 04:35:23.835955,
CR010009,3G、4G转宽带通讯,,3,CR0100,0,2,1,,1,2026-05-08 04:35:23.835955,2026-05-08 04:35:23.835955,
CR010010,宽带转3G、4G通讯,,3,CR0100,0,2,1,,1,2026-05-08 04:35:23.835955,2026-05-08 04:35:23.835955,
CR0200,环境类,,2,CR,1,2,1,,1,2026-05-08 04:35:23.835955,2026-05-08 04:35:23.835955,
CR020001,市电,市电插座没有带电|用万用表测量其好坏,3,CR0200,0,2,1,,1,2026-05-08 04:35:23.835955,2026-05-08 04:35:23.835955,
CR020002,电压,市电电压不稳定，或低/高于设备运行要求|用万用表测量其好坏,3,CR0200,0,2,1,,1,2026-05-08 04:35:23.835955,2026-05-08 04:35:23.835955,
CR020003,无接地,市电环境，没有接地线|用万用表测量其好坏,3,CR0200,0,2,1,,1,2026-05-08 04:35:23.835955,2026-05-08 04:35:23.835955,
CR020004,接地带电,接地上有电压（大于5V电压）|用万用表测量其好坏,3,CR0200,0,2,1,,1,2026-05-08 04:35:23.835955,2026-05-08 04:35:23.835955,
CR020005,温度,,3,CR0200,0,2,1,,1,2026-05-08 04:35:23.835955,2026-05-08 04:35:23.835955,
CR0300,操作类,,2,CR,1,2,1,,1,2026-05-08 04:35:23.835955,2026-05-08 04:35:23.835955,
CR030001,客户不会操作,,3,CR0300,0,2,1,,1,2026-05-08 04:35:23.835955,2026-05-08 04:35:23.835955,
CR030002,客户操作错误,,3,CR0300,0,2,1,,1,2026-05-08 04:35:23.835955,2026-05-08 04:35:23.835955,
CR0400,综合类,,2,CR,1,2,1,,1,2026-05-08 04:35:23.835955,2026-05-08 04:35:23.835955,
CR040001,死机,客户报死机现象，工程师到现场没有发现此类现象并无硬件损坏现象|,3,CR0400,0,2,1,,1,2026-05-08 04:35:23.835955,2026-05-08 04:35:23.835955,
CR040002,通讯死机,通讯时死机，重启设备后正常|,3,CR0400,0,2,1,,1,2026-05-08 04:35:23.835955,2026-05-08 04:35:23.835955,
CR040003,键盘/枪无反应,按键盘无反应或扫描无响应（有光），重启设备后正常|,3,CR0400,0,2,1,,1,2026-05-08 04:35:23.835955,2026-05-08 04:35:23.835955,
CR040004,自行解决,门店自行解决或工程师到现场没有发现故障现象|,3,CR0400,0,2,1,,1,2026-05-08 04:35:23.835955,2026-05-08 04:35:23.835955,
CR0500,无代码,,2,CR,1,2,1,,1,2026-05-08 04:35:23.835955,2026-05-08 04:35:23.835955,
CR050001,无代码,,3,CR0500,0,2,1,,1,2026-05-08 04:35:23.835955,2026-05-08 04:35:23.835955,Y
F,显示器故障,,1,%,1,1,3,MT,1,2026-05-08 04:35:23.835955,2026-05-08 04:35:23.835955,
F1,设置,显示器分辨率的设置|通过系统设置显示器分辨率,2,F,0,1,3,,1,2026-05-08 04:35:23.835955,2026-05-08 04:35:23.835955,
F2,老化,屏幕发暗，无法看清字体|直观,2,F,0,1,3,,1,2026-05-08 04:35:23.835955,2026-05-08 04:35:23.835955,
F3,抖动及闪烁,"屏幕有抖动或一闪一闪现象,或忽明忽暗|直观",2,F,0,1,3,,1,2026-05-08 04:35:23.835955,2026-05-08 04:35:23.835955,
G,打印机故障,,1,%,1,1,3,PT,1,2026-05-08 04:35:23.835955,2026-05-08 04:35:23.835955,
G1,银箱口,打印机银箱端口坏|打印机打印功能正常，系统设置正常，银箱正常，但不能开启银箱,2,G,0,1,3,,1,2026-05-08 04:35:23.835955,2026-05-08 04:35:23.835955,
G2,并口,打印机并口坏|主板及数据线正常，打印机自检正常，但无法打印,2,G,0,1,3,,1,2026-05-08 04:35:23.835955,2026-05-08 04:35:23.835955,
G3,卡纸轴,安装纸张并用于走纸的轴|脱落或安装不正确等，造成无法走纸,2,G,0,1,3,,1,2026-05-08 04:35:23.835955,2026-05-08 04:35:23.835955,
G4,色带齿轮,打印机色带齿轮坏（无法正常的带动色带）|直观,2,G,0,1,3,,1,2026-05-08 04:35:23.835955,2026-05-08 04:35:23.835955,
G5,色带,打印机色带坏|色带是否能够转动、是否破损,2,G,0,1,3,,1,2026-05-08 04:35:23.835955,2026-05-08 04:35:23.835955,
G6,卡纸,清理打印机纸屑灰尘后能够正常打印|直观,2,G,0,1,3,,1,2026-05-08 04:35:23.835955,2026-05-08 04:35:23.835955,
G7,纸张,热敏纸张问题引起的打印字体不清楚，纸张宽度不对（热敏为57~58mm，针打为76mm）|直观,2,G,0,1,3,,1,2026-05-08 04:35:23.835955,2026-05-08 04:35:23.835955,
G8,切刀,不能切纸（打印机切纸设置正确）|直观,2,G,0,1,3,,1,2026-05-08 04:35:23.835955,2026-05-08 04:35:23.835955,
H,银箱故障,,1,%,1,1,3,CB,1,2026-05-08 04:35:23.835955,2026-05-08 04:35:23.835955,
H1,夹子,更换夹子|直观,2,H,0,1,3,,1,2026-05-08 04:35:23.835955,2026-05-08 04:35:23.835955,
H2,弹簧,更换弹簧|直观,2,H,0,1,3,,1,2026-05-08 04:35:23.835955,2026-05-08 04:35:23.835955,
H3,水晶头,6pin水晶头氧化或脱落，需要重新夹制|直观,2,H,0,1,3,,1,2026-05-08 04:35:23.835955,2026-05-08 04:35:23.835955,
HD,硬盘,第5位：“L”为线材类。,1,%,1,2,2,,1,2026-05-08 04:35:23.835955,2026-05-08 04:35:23.835955,
HD00,00,,2,HD,1,2,2,,1,2026-05-08 04:35:23.835955,2026-05-08 04:35:23.835955,
HD0001,10～20G硬盘IDE,,3,HD00,0,2,2,,1,2026-05-08 04:35:23.835955,2026-05-08 04:35:23.835955,
HD0002,笔记本小硬盘（20G）,,3,HD00,0,2,2,,1,2026-05-08 04:35:23.835955,2026-05-08 04:35:23.835955,
HD0040,硬盘(40G)IDE,,3,HD00,0,2,2,,1,2026-05-08 04:35:23.835955,2026-05-08 04:35:23.835955,
HD0080,硬盘(80G)IDE,,3,HD00,0,2,2,,1,2026-05-08 04:35:23.835955,2026-05-08 04:35:23.835955,
HD00L1,IDE硬盘数据线,,3,HD00,0,2,2,,1,2026-05-08 04:35:23.835955,2026-05-08 04:35:23.835955,
HDSA,SA,,2,HD,1,2,2,,1,2026-05-08 04:35:23.835955,2026-05-08 04:35:23.835955,
HDSA01,KSD-SA25.5-032MJ(32G SATA),,3,HDSA,0,2,2,,1,2026-05-08 04:35:23.835955,2026-05-08 04:35:23.835955,
HDSA02,KSD-ACSC2MXXXS25(64G SATA),,3,HDSA,0,2,2,,1,2026-05-08 04:35:23.835955,2026-05-08 04:35:23.835955,
HDSA16,硬盘(160G)SATA,,3,HDSA,0,2,2,,1,2026-05-08 04:35:23.835955,2026-05-08 04:35:23.835955,
HDSA32,硬盘(320G)SATA,,3,HDSA,0,2,2,,1,2026-05-08 04:35:23.835955,2026-05-08 04:35:23.835955,
HDSAL1,SATA硬盘数据线,,3,HDSA,0,2,2,,1,2026-05-08 04:35:23.835955,2026-05-08 04:35:23.835955,
HDSD,SD,,2,HD,1,2,2,,1,2026-05-08 04:35:23.835955,2026-05-08 04:35:23.835955,
HDSD16,安卓双屏存储16G,,3,HDSD,0,2,2,,1,2026-05-08 04:35:23.835955,2026-05-08 04:35:23.835955,
HDSD8G,安卓双屏存储8G,,3,HDSD,0,2,2,,1,2026-05-08 04:35:23.835955,2026-05-08 04:35:23.835955,
K,键盘故障,,1,%,1,1,3,KB,1,2026-05-08 04:35:23.835955,2026-05-08 04:35:23.835955,
K1,定义,键盘定义（整个键盘定义或单个键值定义）后解决问题|通过定义文件能够定义键盘，并使其能够正常工作,2,K,0,1,3,,1,2026-05-08 04:35:23.835955,2026-05-08 04:35:23.835955,
K2,键帽及键体脱落,需要加装键体或键帽|直观,2,K,0,1,3,,1,2026-05-08 04:35:23.835955,2026-05-08 04:35:23.835955,
KB,键盘设备,第5位：“C”为控制卡类；“K”为锁类；“L”为线材类。,1,%,1,2,2,,1,2026-05-08 04:35:23.835955,2026-05-08 04:35:23.835955,
KB00,00,,2,KB,1,2,2,,1,2026-05-08 04:35:23.835955,2026-05-08 04:35:23.835955,
KB0000,2/3轨刷卡器,,3,KB00,0,2,2,,1,2026-05-08 04:35:23.835955,2026-05-08 04:35:23.835955,
KB10,10,,2,KB,1,2,2,,1,2026-05-08 04:35:23.835955,2026-05-08 04:35:23.835955,
KB1000,PKB100键盘,,3,KB10,0,2,2,,1,2026-05-08 04:35:23.835955,2026-05-08 04:35:23.835955,
KB1001,PKB100键盘,,3,KB10,0,2,2,,1,2026-05-08 04:35:23.835955,2026-05-08 04:35:23.835955,
KB10C1,PKB100键盘控制卡,,3,KB10,0,2,2,,1,2026-05-08 04:35:23.835955,2026-05-08 04:35:23.835955,
KB10L1,PKB100键盘软排线,,3,KB10,0,2,2,,1,2026-05-08 04:35:23.835955,2026-05-08 04:35:23.835955,
KB10L2,PKB100键盘数据线（PS/2）,,3,KB10,0,2,2,,1,2026-05-08 04:35:23.835955,2026-05-08 04:35:23.835955,
KB10L3,PKB100键盘开关指示灯连接线,,3,KB10,0,2,2,,1,2026-05-08 04:35:23.835955,2026-05-08 04:35:23.835955,
KB1B,1B,,2,KB,1,2,2,,1,2026-05-08 04:35:23.835955,2026-05-08 04:35:23.835955,
KB1B00,K100B键盘,,3,KB1B,0,2,2,,1,2026-05-08 04:35:23.835955,2026-05-08 04:35:23.835955,
KB1B01,K100B键盘,,3,KB1B,0,2,2,,1,2026-05-08 04:35:23.835955,2026-05-08 04:35:23.835955,
KB1BL1,K100B键盘数据线,,3,KB1B,0,2,2,,1,2026-05-08 04:35:23.835955,2026-05-08 04:35:23.835955,
KB1D,1D,,2,KB,1,2,2,,1,2026-05-08 04:35:23.835955,2026-05-08 04:35:23.835955,
KB1D00,K100D键盘,,3,KB1D,0,2,2,,1,2026-05-08 04:35:23.835955,2026-05-08 04:35:23.835955,
KB1D01,K100D键盘,,3,KB1D,0,2,2,,1,2026-05-08 04:35:23.835955,2026-05-08 04:35:23.835955,
KB1DL1,K100D键盘数据线,,3,KB1D,0,2,2,,1,2026-05-08 04:35:23.835955,2026-05-08 04:35:23.835955,
KB1P,1P,,2,KB,1,2,2,,1,2026-05-08 04:35:23.835955,2026-05-08 04:35:23.835955,
KB1P00,KB101P键盘,,3,KB1P,0,2,2,,1,2026-05-08 04:35:23.835955,2026-05-08 04:35:23.835955,
KB1P01,KB101P键盘,,3,KB1P,0,2,2,,1,2026-05-08 04:35:23.835955,2026-05-08 04:35:23.835955,
KB1PK1,KB101P键盘钥匙,,3,KB1P,0,2,2,,1,2026-05-08 04:35:23.835955,2026-05-08 04:35:23.835955,
KB1PL1,KB101P键盘数据线,,3,KB1P,0,2,2,,1,2026-05-08 04:35:23.835955,2026-05-08 04:35:23.835955,
KB20,20,,2,KB,1,2,2,,1,2026-05-08 04:35:23.835955,2026-05-08 04:35:23.835955,
KB2000,KB63键盘,,3,KB20,0,2,2,,1,2026-05-08 04:35:23.835955,2026-05-08 04:35:23.835955,
KB2001,KB63键盘,,3,KB20,0,2,2,,1,2026-05-08 04:35:23.835955,2026-05-08 04:35:23.835955,
KB20C1,KB63键盘控制卡,,3,KB20,0,2,2,,1,2026-05-08 04:35:23.835955,2026-05-08 04:35:23.835955,
KB20K1,KB63键盘锁,,3,KB20,0,2,2,,1,2026-05-08 04:35:23.835955,2026-05-08 04:35:23.835955,
KB20L1,KB63键盘软排线,,3,KB20,0,2,2,,1,2026-05-08 04:35:23.835955,2026-05-08 04:35:23.835955,
KB20L2,KB63键盘数据线（PS/2）,,3,KB20,0,2,2,,1,2026-05-08 04:35:23.835955,2026-05-08 04:35:23.835955,
KB20L3,KB63键盘开关指示灯连接线,,3,KB20,0,2,2,,1,2026-05-08 04:35:23.835955,2026-05-08 04:35:23.835955,
KB2P,2P,,2,KB,1,2,2,,1,2026-05-08 04:35:23.835955,2026-05-08 04:35:23.835955,
KB2P00,KB101B键盘,,3,KB2P,0,2,2,,1,2026-05-08 04:35:23.835955,2026-05-08 04:35:23.835955,
KB2P01,KB101B键盘,,3,KB2P,0,2,2,,1,2026-05-08 04:35:23.835955,2026-05-08 04:35:23.835955,
KB2PL1,KB101B键盘数据线,,3,KB2P,0,2,2,,1,2026-05-08 04:35:23.835955,2026-05-08 04:35:23.835955,
KB50,50,,2,KB,1,2,2,,1,2026-05-08 04:35:23.835955,2026-05-08 04:35:23.835955,
KB5000,TFP5000键盘,,3,KB50,0,2,2,,1,2026-05-08 04:35:23.835955,2026-05-08 04:35:23.835955,
KB50K1,TFP5000键盘控制锁,,3,KB50,0,2,2,,1,2026-05-08 04:35:23.835955,2026-05-08 04:35:23.835955,
KB60,60,,2,KB,1,2,2,,1,2026-05-08 04:35:23.835955,2026-05-08 04:35:23.835955,
KB6000,PST6000键盘,,3,KB60,0,2,2,,1,2026-05-08 04:35:23.835955,2026-05-08 04:35:23.835955,
KB60C1,PST6000键盘控制卡,,3,KB60,0,2,2,,1,2026-05-08 04:35:23.835955,2026-05-08 04:35:23.835955,
KB70,70,,2,KB,1,2,2,,1,2026-05-08 04:35:23.835955,2026-05-08 04:35:23.835955,
KB7000,KB60D-21,,3,KB70,0,2,2,,1,2026-05-08 04:35:23.835955,2026-05-08 04:35:23.835955,
KB91,91,,2,KB,1,2,2,,1,2026-05-08 04:35:23.835955,2026-05-08 04:35:23.835955,
KB9100,KB95E键盘,,3,KB91,0,2,2,,1,2026-05-08 04:35:23.835955,2026-05-08 04:35:23.835955,
KB9101,KB95E键盘,,3,KB91,0,2,2,,1,2026-05-08 04:35:23.835955,2026-05-08 04:35:23.835955,
KB91L1,KB95E键盘数据线,,3,KB91,0,2,2,,1,2026-05-08 04:35:23.835955,2026-05-08 04:35:23.835955,
KB95,95,,2,KB,1,2,2,,1,2026-05-08 04:35:23.835955,2026-05-08 04:35:23.835955,
KB9500,KB95键盘,,3,KB95,0,2,2,,1,2026-05-08 04:35:23.835955,2026-05-08 04:35:23.835955,
KB9501,KB95键盘,,3,KB95,0,2,2,,1,2026-05-08 04:35:23.835955,2026-05-08 04:35:23.835955,
KB95L1,KB95键盘数据线,,3,KB95,0,2,2,,1,2026-05-08 04:35:23.835955,2026-05-08 04:35:23.835955,
KB9B,9B,,2,KB,1,2,2,,1,2026-05-08 04:35:23.835955,2026-05-08 04:35:23.835955,
KB9B00,KB-P95B键盘,,3,KB9B,0,2,2,,1,2026-05-08 04:35:23.835955,2026-05-08 04:35:23.835955,
KB9B01,KB-P95B键盘,,3,KB9B,0,2,2,,1,2026-05-08 04:35:23.835955,2026-05-08 04:35:23.835955,
KB9BL1,KB-P95B键盘数据线,,3,KB9B,0,2,2,,1,2026-05-08 04:35:23.835955,2026-05-08 04:35:23.835955,
L,扫描设备故障,,1,%,1,1,3,BS,1,2026-05-08 04:35:23.835955,2026-05-08 04:35:23.835955,
L1,设置,条码格式转换（如初始化、13转12、12转13）|用对应设置码设置,2,L,0,1,3,,1,2026-05-08 04:35:23.835955,2026-05-08 04:35:23.835955,
L2,托架,托架内磁铁丢失|直观,2,L,0,1,3,,1,2026-05-08 04:35:23.835955,2026-05-08 04:35:23.835955,
L3,数据线断针,PS/2接口断针|直观,2,L,0,1,3,,1,2026-05-08 04:35:23.835955,2026-05-08 04:35:23.835955,
L4,老化,反应灵敏度差|直观,2,L,0,1,3,,1,2026-05-08 04:35:23.835955,2026-05-08 04:35:23.835955,
M,UPS故障,,1,%,1,1,3,UP,1,2026-05-08 04:35:23.835955,2026-05-08 04:35:23.835955,
M1,UPS,包括无法充电、没有输出电压|用万用表测量其好坏,2,M,0,1,3,,1,2026-05-08 04:35:23.835955,2026-05-08 04:35:23.835955,
M2,保险丝,更换保险丝|用万用表测量其好坏,2,M,0,1,3,,1,2026-05-08 04:35:23.835955,2026-05-08 04:35:23.835955,
M3,开关,UPS开关按钮|直观,2,M,0,1,3,,1,2026-05-08 04:35:23.835955,2026-05-08 04:35:23.835955,
MB,主板,,1,%,1,2,2,,1,2026-05-08 04:35:23.835955,2026-05-08 04:35:23.835955,
MB00,00,,2,MB,1,2,2,,1,2026-05-08 04:35:23.835955,2026-05-08 04:35:23.835955,
MB0000,纽扣电池（3V),,3,MB00,0,2,2,,1,2026-05-08 04:35:23.835955,2026-05-08 04:35:23.835955,
MB50,50,,2,MB,1,2,2,,1,2026-05-08 04:35:23.835955,2026-05-08 04:35:23.835955,
MB5000,TFP5000主板,,3,MB50,0,2,2,,1,2026-05-08 04:35:23.835955,2026-05-08 04:35:23.835955,
MB5001,TFP5000S主板,,3,MB50,0,2,2,,1,2026-05-08 04:35:23.835955,2026-05-08 04:35:23.835955,
MB60,60,,2,MB,1,2,2,,1,2026-05-08 04:35:23.835955,2026-05-08 04:35:23.835955,
MB6000,PST6000主板,,3,MB60,0,2,2,,1,2026-05-08 04:35:23.835955,2026-05-08 04:35:23.835955,
MB6Q,MB6QA9四核主板,,2,MB,1,2,2,,1,2026-05-08 04:35:23.835955,2026-05-08 04:35:23.835955,
MB6QA9,MB6QA9四核主板,,3,MB6Q,0,2,2,,1,2026-05-08 04:35:23.835955,2026-05-08 04:35:23.835955,
MB70,70,,2,MB,1,2,2,,1,2026-05-08 04:35:23.835955,2026-05-08 04:35:23.835955,
MB7000,TFP7000主板,,3,MB70,0,2,2,,1,2026-05-08 04:35:23.835955,2026-05-08 04:35:23.835955,
MB7001,TFP7000 LED型主板,,3,MB70,0,2,2,,1,2026-05-08 04:35:23.835955,2026-05-08 04:35:23.835955,
MBC3,C3,,2,MB,1,2,2,,1,2026-05-08 04:35:23.835955,2026-05-08 04:35:23.835955,
MBC300,C3VCM2/6,,3,MBC3,0,2,2,,1,2026-05-08 04:35:23.835955,2026-05-08 04:35:23.835955,
MBC7,C7,,2,MB,1,2,2,,1,2026-05-08 04:35:23.835955,2026-05-08 04:35:23.835955,
MBC700,C7VCM6,,3,MBC7,0,2,2,,1,2026-05-08 04:35:23.835955,2026-05-08 04:35:23.835955,
MBDL,MBDLA9双核主板,,2,MB,1,2,2,,1,2026-05-08 04:35:23.835955,2026-05-08 04:35:23.835955,
MBDLA9,MBDLA9双核主板,,3,MBDL,0,2,2,,1,2026-05-08 04:35:23.835955,2026-05-08 04:35:23.835955,
MBID,ID,,2,MB,1,2,2,,1,2026-05-08 04:35:23.835955,2026-05-08 04:35:23.835955,
MBID00,Intel D525,,3,MBID,0,2,2,,1,2026-05-08 04:35:23.835955,2026-05-08 04:35:23.835955,
MBJ1,J1900,,2,MB,0,2,2,,1,2026-05-08 04:35:23.835955,2026-05-08 04:35:23.835955,
MBML,ML,,2,MB,1,2,2,,1,2026-05-08 04:35:23.835955,2026-05-08 04:35:23.835955,
MBML00,ML8000A,,3,MBML,0,2,2,,1,2026-05-08 04:35:23.835955,2026-05-08 04:35:23.835955,
MBPD,PD,,2,MB,1,2,2,,1,2026-05-08 04:35:23.835955,2026-05-08 04:35:23.835955,
MBPD00,PD10000(套件),,3,MBPD,0,2,2,,1,2026-05-08 04:35:23.835955,2026-05-08 04:35:23.835955,
MBPD01,PD10000,,3,MBPD,0,2,2,,1,2026-05-08 04:35:23.835955,2026-05-08 04:35:23.835955,
MBPD02,LVDS转接卡（PD10000用）,,3,MBPD,0,2,2,,1,2026-05-08 04:35:23.835955,2026-05-08 04:35:23.835955,
MBV8,V8,,2,MB,1,2,2,,1,2026-05-08 04:35:23.835955,2026-05-08 04:35:23.835955,
MBV800,V8000,,3,MBV8,0,2,2,,1,2026-05-08 04:35:23.835955,2026-05-08 04:35:23.835955,
MBVB,VB,,2,MB,1,2,2,,1,2026-05-08 04:35:23.835955,2026-05-08 04:35:23.835955,
MBVB00,VB7007,,3,MBVB,0,2,2,,1,2026-05-08 04:35:23.835955,2026-05-08 04:35:23.835955,
MD,MODEM,第5位：“P”为电源类；“L”为线材类。,1,%,1,2,2,,1,2026-05-08 04:35:23.835955,2026-05-08 04:35:23.835955,
MD00,00,,2,MD,1,2,2,,1,2026-05-08 04:35:23.835955,2026-05-08 04:35:23.835955,
MD00L1,通用外置modem COM口数据线,,3,MD00,0,2,2,,1,2026-05-08 04:35:23.835955,2026-05-08 04:35:23.835955,
MD13,13,,2,MD,1,2,2,,1,2026-05-08 04:35:23.835955,2026-05-08 04:35:23.835955,
MD1300,I-1300MODEM（套件）,,3,MD13,0,2,2,,1,2026-05-08 04:35:23.835955,2026-05-08 04:35:23.835955,
MD1301,I-1300MODEM,,3,MD13,0,2,2,,1,2026-05-08 04:35:23.835955,2026-05-08 04:35:23.835955,
MD1302,I-1300MODEM天线,,3,MD13,0,2,2,,1,2026-05-08 04:35:23.835955,2026-05-08 04:35:23.835955,
MD13P1,I-1300MODEM电源,,3,MD13,0,2,2,,1,2026-05-08 04:35:23.835955,2026-05-08 04:35:23.835955,
MD3G,3G,,2,MD,1,2,2,,1,2026-05-08 04:35:23.835955,2026-05-08 04:35:23.835955,
MD3G00,A12E 3G路由器(套件),,3,MD3G,0,2,2,,1,2026-05-08 04:35:23.835955,2026-05-08 04:35:23.835955,
MD3G01,A12E 3G路由器,,3,MD3G,0,2,2,,1,2026-05-08 04:35:23.835955,2026-05-08 04:35:23.835955,
MD3GL1,A12E 3G路由器USB充电线,,3,MD3G,0,2,2,,1,2026-05-08 04:35:23.835955,2026-05-08 04:35:23.835955,
MD3GP1,A12E 3G路由器USB适配器,,3,MD3G,0,2,2,,1,2026-05-08 04:35:23.835955,2026-05-08 04:35:23.835955,
MD4A,4A,,2,MD,1,2,2,,1,2026-05-08 04:35:23.835955,2026-05-08 04:35:23.835955,
MD4A00,WE828 4G全网通路由器(套件),,3,MD4A,0,2,2,,1,2026-05-08 04:35:23.835955,2026-05-08 04:35:23.835955,
MD4A01,WE828 4G全网通路由器,,3,MD4A,0,2,2,,1,2026-05-08 04:35:23.835955,2026-05-08 04:35:23.835955,
MD4AL1,WE828 4G全网通路由器2.4G天线,,3,MD4A,0,2,2,,1,2026-05-08 04:35:23.835955,2026-05-08 04:35:23.835955,
MD4AP1,WE828 4G全网通路由器电源适配器,,3,MD4A,0,2,2,,1,2026-05-08 04:35:23.835955,2026-05-08 04:35:23.835955,
MD4G,4G,,2,MD,1,2,2,,1,2026-05-08 04:35:23.835955,2026-05-08 04:35:23.835955,
MD4G00,WE826-T 4G全网通路由器(套件),,3,MD4G,0,2,2,,1,2026-05-08 04:35:23.835955,2026-05-08 04:35:23.835955,
MD4G01,WE826-T 4G全网通路由器,,3,MD4G,0,2,2,,1,2026-05-08 04:35:23.835955,2026-05-08 04:35:23.835955,
MD4GL1,WE826-T 4G全网通路由器wifi天线,,3,MD4G,0,2,2,,1,2026-05-08 04:35:23.835955,2026-05-08 04:35:23.835955,
MD4GL2,WE826-T 4G全网通路由器2.4G天线,,3,MD4G,0,2,2,,1,2026-05-08 04:35:23.835955,2026-05-08 04:35:23.835955,
MD4GP1,WE826-T 4G全网通路由器电源适配器,,3,MD4G,0,2,2,,1,2026-05-08 04:35:23.835955,2026-05-08 04:35:23.835955,
MD50,50,,2,MD,1,2,2,,1,2026-05-08 04:35:23.835955,2026-05-08 04:35:23.835955,
MD5000,TFP5000 MODEM多功能板,,3,MD50,0,2,2,,1,2026-05-08 04:35:23.835955,2026-05-08 04:35:23.835955,
MD50L1,TFP5000电话转接线,,3,MD50,0,2,2,,1,2026-05-08 04:35:23.835955,2026-05-08 04:35:23.835955,
MD50L2,TFP5000USB转接线,,3,MD50,0,2,2,,1,2026-05-08 04:35:23.835955,2026-05-08 04:35:23.835955,
MD50L3,TFP5000PS/2转接线,,3,MD50,0,2,2,,1,2026-05-08 04:35:23.835955,2026-05-08 04:35:23.835955,
MD50L4,TFP5000手写板转接线,,3,MD50,0,2,2,,1,2026-05-08 04:35:23.835955,2026-05-08 04:35:23.835955,
MD50L5,TFP5000网口转接线,,3,MD50,0,2,2,,1,2026-05-08 04:35:23.835955,2026-05-08 04:35:23.835955,
MD50L6,TFP5000串口转接线,,3,MD50,0,2,2,,1,2026-05-08 04:35:23.835955,2026-05-08 04:35:23.835955,
MD50L7,TFP5000Modem多功能版转接线,,3,MD50,0,2,2,,1,2026-05-08 04:35:23.835955,2026-05-08 04:35:23.835955,
MD56,56,,2,MD,1,2,2,,1,2026-05-08 04:35:23.835955,2026-05-08 04:35:23.835955,
MD5600,I-56R MODEM（套件）,,3,MD56,0,2,2,,1,2026-05-08 04:35:23.835955,2026-05-08 04:35:23.835955,
MD5601,I-56R MODEM,,3,MD56,0,2,2,,1,2026-05-08 04:35:23.835955,2026-05-08 04:35:23.835955,
MD56P1,I-56R MODEM电源,,3,MD56,0,2,2,,1,2026-05-08 04:35:23.835955,2026-05-08 04:35:23.835955,
MD90,90,,2,MD,1,2,2,,1,2026-05-08 04:35:23.835955,2026-05-08 04:35:23.835955,
MD9000,Industry 900（套件）,,3,MD90,0,2,2,,1,2026-05-08 04:35:23.835955,2026-05-08 04:35:23.835955,
MD9001,Industry 900,,3,MD90,0,2,2,,1,2026-05-08 04:35:23.835955,2026-05-08 04:35:23.835955,
MD90P1,Industry 900电源,,3,MD90,0,2,2,,1,2026-05-08 04:35:23.835955,2026-05-08 04:35:23.835955,
MD91,91,,2,MD,1,2,2,,1,2026-05-08 04:35:23.835955,2026-05-08 04:35:23.835955,
MD9100,Industry 900+（套件）,,3,MD91,0,2,2,,1,2026-05-08 04:35:23.835955,2026-05-08 04:35:23.835955,
MD9101,Industry 900+,,3,MD91,0,2,2,,1,2026-05-08 04:35:23.835955,2026-05-08 04:35:23.835955,
MD91P1,Industry 900+电源,,3,MD91,0,2,2,,1,2026-05-08 04:35:23.835955,2026-05-08 04:35:23.835955,
MDLA,LA,,2,MD,1,2,2,,1,2026-05-08 04:35:23.835955,2026-05-08 04:35:23.835955,
MDLA00,内置网卡,,3,MDLA,0,2,2,,1,2026-05-08 04:35:23.835955,2026-05-08 04:35:23.835955,
MDPM,PM,,2,MD,1,2,2,,1,2026-05-08 04:35:23.835955,2026-05-08 04:35:23.835955,
MDPM00,内MODEM,,3,MDPM,0,2,2,,1,2026-05-08 04:35:23.835955,2026-05-08 04:35:23.835955,
MDTF,TF,,2,MD,1,2,2,,1,2026-05-08 04:35:23.835955,2026-05-08 04:35:23.835955,
MDTF00,ENET850/-TF（定制/外猫内置）,,3,MDTF,0,2,2,,1,2026-05-08 04:35:23.835955,2026-05-08 04:35:23.835955,
MDTFL1,ENET850/-TF数据线,,3,MDTF,0,2,2,,1,2026-05-08 04:35:23.835955,2026-05-08 04:35:23.835955,
MDTP,TP,,2,MD,1,2,2,,1,2026-05-08 04:35:23.835955,2026-05-08 04:35:23.835955,
MDTP00,TP-LINK MODEM（套件）,,3,MDTP,0,2,2,,1,2026-05-08 04:35:23.835955,2026-05-08 04:35:23.835955,
MDTP01,TP-LINK MODEM,,3,MDTP,0,2,2,,1,2026-05-08 04:35:23.835955,2026-05-08 04:35:23.835955,
MDTPP1,TP-LINK MODEM电源,,3,MDTP,0,2,2,,1,2026-05-08 04:35:23.835955,2026-05-08 04:35:23.835955,
MDUS,US,,2,MD,1,2,2,,1,2026-05-08 04:35:23.835955,2026-05-08 04:35:23.835955,
MDUS01,YK-56USB,,3,MDUS,0,2,2,,1,2026-05-08 04:35:23.835955,2026-05-08 04:35:23.835955,
MDUS02,USB-56R,,3,MDUS,0,2,2,,1,2026-05-08 04:35:23.835955,2026-05-08 04:35:23.835955,
MDUS03,BL-56USB,,3,MDUS,0,2,2,,1,2026-05-08 04:35:23.835955,2026-05-08 04:35:23.835955,
MDWZ,WZ,,2,MD,1,2,2,,1,2026-05-08 04:35:23.835955,2026-05-08 04:35:23.835955,
MDWZ00,ENET850（套件）,,3,MDWZ,0,2,2,,1,2026-05-08 04:35:23.835955,2026-05-08 04:35:23.835955,
MDWZ01,ENET850,,3,MDWZ,0,2,2,,1,2026-05-08 04:35:23.835955,2026-05-08 04:35:23.835955,
MDWZP1,ENET850电源,,3,MDWZ,0,2,2,,1,2026-05-08 04:35:23.835955,2026-05-08 04:35:23.835955,
MDYK,YK,,2,MD,1,2,2,,1,2026-05-08 04:35:23.835955,2026-05-08 04:35:23.835955,
MDYK00,YK-56R(套件),,3,MDYK,0,2,2,,1,2026-05-08 04:35:23.835955,2026-05-08 04:35:23.835955,
MDYK01,YK-56R,,3,MDYK,0,2,2,,1,2026-05-08 04:35:23.835955,2026-05-08 04:35:23.835955,
MDYK02,YK-56RN,,3,MDYK,0,2,2,,1,2026-05-08 04:35:23.835955,2026-05-08 04:35:23.835955,
MDYK03,YK-56RN(套件),,3,MDYK,0,2,2,,1,2026-05-08 04:35:23.835955,2026-05-08 04:35:23.835955,
MDYKP1,YK-56R电源,,3,MDYK,0,2,2,,1,2026-05-08 04:35:23.835955,2026-05-08 04:35:23.835955,
MDYKP2,YK-56RN电源,,3,MDYK,0,2,2,,1,2026-05-08 04:35:23.835955,2026-05-08 04:35:23.835955,
MK,多功能模块,,1,%,1,2,2,,1,2026-05-08 04:35:23.835955,2026-05-08 04:35:23.835955,
MK00,00,,2,MK,1,2,2,,1,2026-05-08 04:35:23.835955,2026-05-08 04:35:23.835955,
MK0000,TFP5000键盘转接卡,,3,MK00,0,2,2,,1,2026-05-08 04:35:23.835955,2026-05-08 04:35:23.835955,
MK0001,TFP5000多功能转换卡,,3,MK00,0,2,2,,1,2026-05-08 04:35:23.835955,2026-05-08 04:35:23.835955,
MK0002,TFP5000键盘转接卡转接线,,3,MK00,0,2,2,,1,2026-05-08 04:35:23.835955,2026-05-08 04:35:23.835955,
MK0003,9835串口卡,,3,MK00,0,2,2,,1,2026-05-08 04:35:23.835955,2026-05-08 04:35:23.835955,
MK0004,USB转COM线（JARA2201）,,3,MK00,0,2,2,,1,2026-05-08 04:35:23.835955,2026-05-08 04:35:23.835955,
MK0005,PS2转COM线,,3,MK00,0,2,2,,1,2026-05-08 04:35:23.835955,2026-05-08 04:35:23.835955,
MK0006,TFP7000通讯板,,3,MK00,0,2,2,,1,2026-05-08 04:35:23.835955,2026-05-08 04:35:23.835955,
MM,内存,,1,%,1,2,2,,1,2026-05-08 04:35:23.835955,2026-05-08 04:35:23.835955,
MMAD,AD,,2,MM,1,2,2,,1,2026-05-08 04:35:23.835955,2026-05-08 04:35:23.835955,
MMAD1G,安卓双屏1G内存,,3,MMAD,0,2,2,,1,2026-05-08 04:35:23.835955,2026-05-08 04:35:23.835955,
MMAD2G,安卓双屏2G内存,,3,MMAD,0,2,2,,1,2026-05-08 04:35:23.835955,2026-05-08 04:35:23.835955,
MMD2,D2,,2,MM,1,2,2,,1,2026-05-08 04:35:23.835955,2026-05-08 04:35:23.835955,
MMD201,innodisk DDR2 1G,,3,MMD2,0,2,2,,1,2026-05-08 04:35:23.835955,2026-05-08 04:35:23.835955,
MMD21G,DDR2 800 1G,,3,MMD2,0,2,2,,1,2026-05-08 04:35:23.835955,2026-05-08 04:35:23.835955,
MMD3,D3,,2,MM,1,2,2,,1,2026-05-08 04:35:23.835955,2026-05-08 04:35:23.835955,
MMD31G,Innodisk DDR3 1G,,3,MMD3,0,2,2,,1,2026-05-08 04:35:23.835955,2026-05-08 04:35:23.835955,
MMDR,DR,,2,MM,1,2,2,,1,2026-05-08 04:35:23.835955,2026-05-08 04:35:23.835955,
MMDR12,DDR 333 512M,,3,MMDR,0,2,2,,1,2026-05-08 04:35:23.835955,2026-05-08 04:35:23.835955,
MMDR1G,DDR 333 1G,,3,MMDR,0,2,2,,1,2026-05-08 04:35:23.835955,2026-05-08 04:35:23.835955,
MMDR28,128M内存(DDR),,3,MMDR,0,2,2,,1,2026-05-08 04:35:23.835955,2026-05-08 04:35:23.835955,
MMDR56,DDR 333 256M,,3,MMDR,0,2,2,,1,2026-05-08 04:35:23.835955,2026-05-08 04:35:23.835955,
MMSD,SD,,2,MM,1,2,2,,1,2026-05-08 04:35:23.835955,2026-05-08 04:35:23.835955,
MMSD28,128M内存(SD),,3,MMSD,0,2,2,,1,2026-05-08 04:35:23.835955,2026-05-08 04:35:23.835955,
MMSD32,32M内存(SD),,3,MMSD,0,2,2,,1,2026-05-08 04:35:23.835955,2026-05-08 04:35:23.835955,
MMSD56,256M内存(SD),,3,MMSD,0,2,2,,1,2026-05-08 04:35:23.835955,2026-05-08 04:35:23.835955,
MMSD64,64M内存(SD),,3,MMSD,0,2,2,,1,2026-05-08 04:35:23.835955,2026-05-08 04:35:23.835955,
MT,显示器,第5位：“P”为电源类；“L”为线材类。,1,%,1,2,2,,1,2026-05-08 04:35:23.835955,2026-05-08 04:35:23.835955,
MT10,10,,2,MT,1,2,2,,1,2026-05-08 04:35:23.835955,2026-05-08 04:35:23.835955,
MT1000,安卓10寸主屏,,3,MT10,0,2,2,,1,2026-05-08 04:35:23.835955,2026-05-08 04:35:23.835955,
MT12,12,,2,MT,1,2,2,,1,2026-05-08 04:35:23.835955,2026-05-08 04:35:23.835955,
MT1200,12”液晶显示器,,3,MT12,0,2,2,,1,2026-05-08 04:35:23.835955,2026-05-08 04:35:23.835955,
MT1201,12”液晶显示器电源适配器,,3,MT12,0,2,2,,1,2026-05-08 04:35:23.835955,2026-05-08 04:35:23.835955,
MT14,14,,2,MT,1,2,2,,1,2026-05-08 04:35:23.835955,2026-05-08 04:35:23.835955,
MT1400,安卓14寸主屏,,3,MT14,0,2,2,,1,2026-05-08 04:35:23.835955,2026-05-08 04:35:23.835955,
MT50,50,,2,MT,1,2,2,,1,2026-05-08 04:35:23.835955,2026-05-08 04:35:23.835955,
MT5000,TFP5000主显屏,,3,MT50,0,2,2,,1,2026-05-08 04:35:23.835955,2026-05-08 04:35:23.835955,
MT60,60,,2,MT,1,2,2,,1,2026-05-08 04:35:23.835955,2026-05-08 04:35:23.835955,
MT6000,PST6000显示器,,3,MT60,0,2,2,,1,2026-05-08 04:35:23.835955,2026-05-08 04:35:23.835955,
MT70,70,,2,MT,1,2,2,,1,2026-05-08 04:35:23.835955,2026-05-08 04:35:23.835955,
MT7000,7寸液晶屏（TFP7000显示器）,,3,MT70,0,2,2,,1,2026-05-08 04:35:23.835955,2026-05-08 04:35:23.835955,
MT7001,7寸LED型液晶屏（TFP7000显示器）,,3,MT70,0,2,2,,1,2026-05-08 04:35:23.835955,2026-05-08 04:35:23.835955,
MT70L1,7寸液晶屏（TFP7000显示器）数据线,,3,MT70,0,2,2,,1,2026-05-08 04:35:23.835955,2026-05-08 04:35:23.835955,
MT70L2,7寸LED型液晶屏（TFP7000显示器）数据线,,3,MT70,0,2,2,,1,2026-05-08 04:35:23.835955,2026-05-08 04:35:23.835955,
MTHH,HH,,2,MT,1,2,2,,1,2026-05-08 04:35:23.835955,2026-05-08 04:35:23.835955,
MTHH00,HHL1018A(HH)液晶显示器(套件),,3,MTHH,0,2,2,,1,2026-05-08 04:35:23.835955,2026-05-08 04:35:23.835955,
MTHH01,HHL1018A(HH)液晶显示器,,3,MTHH,0,2,2,,1,2026-05-08 04:35:23.835955,2026-05-08 04:35:23.835955,
MTHHL1,HHL1018A(HH)液晶显示器电源线,,3,MTHH,0,2,2,,1,2026-05-08 04:35:23.835955,2026-05-08 04:35:23.835955,
MTHM,HM,,2,MT,1,2,2,,1,2026-05-08 04:35:23.835955,2026-05-08 04:35:23.835955,
MTHM00,HM1098显示器,,3,MTHM,0,2,2,,1,2026-05-08 04:35:23.835955,2026-05-08 04:35:23.835955,
MTPC,PC,,2,MT,1,2,2,,1,2026-05-08 04:35:23.835955,2026-05-08 04:35:23.835955,
MTPC00,PC显示器,,3,MTPC,0,2,2,,1,2026-05-08 04:35:23.835955,2026-05-08 04:35:23.835955,
MTTM,TM,,2,MT,1,2,2,,1,2026-05-08 04:35:23.835955,2026-05-08 04:35:23.835955,
MTTM00,TM-9AF,,3,MTTM,0,2,2,,1,2026-05-08 04:35:23.835955,2026-05-08 04:35:23.835955,
MTW2,W2,,2,MT,1,2,2,,1,2026-05-08 04:35:23.835955,2026-05-08 04:35:23.835955,
MTW200,铭速12寸液晶显示器（套件）,,3,MTW2,0,2,2,,1,2026-05-08 04:35:23.835955,2026-05-08 04:35:23.835955,
MTW201,铭速12寸液晶显示器,,3,MTW2,0,2,2,,1,2026-05-08 04:35:23.835955,2026-05-08 04:35:23.835955,
MTW2P1,铭速12寸液晶显示器电源适配器,,3,MTW2,0,2,2,,1,2026-05-08 04:35:23.835955,2026-05-08 04:35:23.835955,
MTZQ,ZQ,,2,MT,1,2,2,,1,2026-05-08 04:35:23.835955,2026-05-08 04:35:23.835955,
MTZQ00,ZQ-09A显示器,,3,MTZQ,0,2,2,,1,2026-05-08 04:35:23.835955,2026-05-08 04:35:23.835955,
PT,打印设备,第5位：“P”为电源类；“L”为线材类。,1,%,1,2,2,,1,2026-05-08 04:35:23.835955,2026-05-08 04:35:23.835955,
PT00,00,,2,PT,1,2,2,,1,2026-05-08 04:35:23.835955,2026-05-08 04:35:23.835955,
PT00L1,热敏打印机数据线,,3,PT00,0,2,2,,1,2026-05-08 04:35:23.835955,2026-05-08 04:35:23.835955,
PT00L2,针式打印机数据线,,3,PT00,0,2,2,,1,2026-05-08 04:35:23.835955,2026-05-08 04:35:23.835955,
PT20,20,,2,PT,1,2,2,,1,2026-05-08 04:35:23.835955,2026-05-08 04:35:23.835955,
PT2000,POS2000打印机（套件）,,3,PT20,0,2,2,,1,2026-05-08 04:35:23.835955,2026-05-08 04:35:23.835955,
PT2001,POS2000打印机,,3,PT20,0,2,2,,1,2026-05-08 04:35:23.835955,2026-05-08 04:35:23.835955,
PT20P1,POS2000打印机适配器,,3,PT20,0,2,2,,1,2026-05-08 04:35:23.835955,2026-05-08 04:35:23.835955,
PT21,21,,2,PT,1,2,2,,1,2026-05-08 04:35:23.835955,2026-05-08 04:35:23.835955,
PT2100,BS-210KII打印机（套件）,,3,PT21,0,2,2,,1,2026-05-08 04:35:23.835955,2026-05-08 04:35:23.835955,
PT2101,BS-210KII打印机,,3,PT21,0,2,2,,1,2026-05-08 04:35:23.835955,2026-05-08 04:35:23.835955,
PT21P1,BS-210KII打印机适配器,,3,PT21,0,2,2,,1,2026-05-08 04:35:23.835955,2026-05-08 04:35:23.835955,
PT22,22,,2,PT,1,2,2,,1,2026-05-08 04:35:23.835955,2026-05-08 04:35:23.835955,
PT2200,AB-220K打印机（套件）,,3,PT22,0,2,2,,1,2026-05-08 04:35:23.835955,2026-05-08 04:35:23.835955,
PT2201,AB-220K打印机,,3,PT22,0,2,2,,1,2026-05-08 04:35:23.835955,2026-05-08 04:35:23.835955,
PT22P1,AB-220K打印机适配器,,3,PT22,0,2,2,,1,2026-05-08 04:35:23.835955,2026-05-08 04:35:23.835955,
PT2S,00,,2,PT,1,2,2,,1,2026-05-08 04:35:23.835955,2026-05-08 04:35:23.835955,
PT2S00,公达POS2200串口针式打印机（套件）,,3,PT2S,0,2,2,,1,2026-05-08 04:35:23.835955,2026-05-08 04:35:23.835955,
PT2S01,公达POS2200串口针式打印机,,3,PT2S,0,2,2,,1,2026-05-08 04:35:23.835955,2026-05-08 04:35:23.835955,
PT2S02,公达POS2200串口针式打印机适配器,,3,PT2S,0,2,2,,1,2026-05-08 04:35:23.835955,2026-05-08 04:35:23.835955,
PT30,30,,2,PT,1,2,2,,1,2026-05-08 04:35:23.835955,2026-05-08 04:35:23.835955,
PT3000,PP3000慢打,,3,PT30,0,2,2,,1,2026-05-08 04:35:23.835955,2026-05-08 04:35:23.835955,
PT50,50,,2,PT,1,2,2,,1,2026-05-08 04:35:23.835955,2026-05-08 04:35:23.835955,
PT5001,SMP-620(TFP5000打印机),,3,PT50,0,2,2,,1,2026-05-08 04:35:23.835955,2026-05-08 04:35:23.835955,
PT5002,TFP5000打印机控制卡,,3,PT50,0,2,2,,1,2026-05-08 04:35:23.835955,2026-05-08 04:35:23.835955,
PT50L1,TFP5000打印机电源线,,3,PT50,0,2,2,,1,2026-05-08 04:35:23.835955,2026-05-08 04:35:23.835955,
PT50L2,TFP5000打印机转接线,,3,PT50,0,2,2,,1,2026-05-08 04:35:23.835955,2026-05-08 04:35:23.835955,
PT51,51,,2,PT,1,2,2,,1,2026-05-08 04:35:23.835955,2026-05-08 04:35:23.835955,
PT5100,SP512MC打印机,,3,PT51,0,2,2,,1,2026-05-08 04:35:23.835955,2026-05-08 04:35:23.835955,
PT54,54,,2,PT,1,2,2,,1,2026-05-08 04:35:23.835955,2026-05-08 04:35:23.835955,
PT5400,SP542MC打印机,,3,PT54,0,2,2,,1,2026-05-08 04:35:23.835955,2026-05-08 04:35:23.835955,
PT58,58,,2,PT,1,2,2,,1,2026-05-08 04:35:23.835955,2026-05-08 04:35:23.835955,
PT5800,POS58G打印机（套件）,,3,PT58,0,2,2,,1,2026-05-08 04:35:23.835955,2026-05-08 04:35:23.835955,
PT5801,POS58G打印机,,3,PT58,0,2,2,,1,2026-05-08 04:35:23.835955,2026-05-08 04:35:23.835955,
PT58P1,POS58G打印机适配器,,3,PT58,0,2,2,,1,2026-05-08 04:35:23.835955,2026-05-08 04:35:23.835955,
PT5B,5B,,2,PT,1,2,2,,1,2026-05-08 04:35:23.835955,2026-05-08 04:35:23.835955,
PT5B00,POS58L并口打印机（套件）,,3,PT5B,0,2,2,,1,2026-05-08 04:35:23.835955,2026-05-08 04:35:23.835955,
PT5B01,POS58L并口打印机,,3,PT5B,0,2,2,,1,2026-05-08 04:35:23.835955,2026-05-08 04:35:23.835955,
PT5BP1,POS58L并口打印机电源,,3,PT5B,0,2,2,,1,2026-05-08 04:35:23.835955,2026-05-08 04:35:23.835955,
PT5L,5L,,2,PT,1,2,2,,1,2026-05-08 04:35:23.835955,2026-05-08 04:35:23.835955,
PT5L00,POS58L串口打印机（套件）,,3,PT5L,0,2,2,,1,2026-05-08 04:35:23.835955,2026-05-08 04:35:23.835955,
PT5L01,POS58L串口打印机,,3,PT5L,0,2,2,,1,2026-05-08 04:35:23.835955,2026-05-08 04:35:23.835955,
PT5LP1,POS58L串口打印机电源,,3,PT5L,0,2,2,,1,2026-05-08 04:35:23.835955,2026-05-08 04:35:23.835955,
PT5S,5S,,2,PT,1,2,2,,1,2026-05-08 04:35:23.835955,2026-05-08 04:35:23.835955,
PT5S01,POS58S打印机,,3,PT5S,0,2,2,,1,2026-05-08 04:35:23.835955,2026-05-08 04:35:23.835955,
PT70,70,,2,PT,1,2,2,,1,2026-05-08 04:35:23.835955,2026-05-08 04:35:23.835955,
PT7000,TP215（TFP7000打印机机头）,,3,PT70,0,2,2,,1,2026-05-08 04:35:23.835955,2026-05-08 04:35:23.835955,
PT7001,TFP7000打印机转换板,,3,PT70,0,2,2,,1,2026-05-08 04:35:23.835955,2026-05-08 04:35:23.835955,
PT7002,TFP7000打印机控制板,,3,PT70,0,2,2,,1,2026-05-08 04:35:23.835955,2026-05-08 04:35:23.835955,
PT70L1,TFP7000打印机数据线,,3,PT70,0,2,2,,1,2026-05-08 04:35:23.835955,2026-05-08 04:35:23.835955,
PTBS,BS,,2,PT,1,2,2,,1,2026-05-08 04:35:23.835955,2026-05-08 04:35:23.835955,
PTBS00,博施热敏打印机（套件）,,3,PTBS,0,2,2,,1,2026-05-08 04:35:23.835955,2026-05-08 04:35:23.835955,
PTBS01,博施热敏打印机,,3,PTBS,0,2,2,,1,2026-05-08 04:35:23.835955,2026-05-08 04:35:23.835955,
PTBSP1,博施热敏打印机适配器,,3,PTBS,0,2,2,,1,2026-05-08 04:35:23.835955,2026-05-08 04:35:23.835955,
PTDP,DP,,2,PT,1,2,2,,1,2026-05-08 04:35:23.835955,2026-05-08 04:35:23.835955,
PTDP00,EPSON贴纸挡片,,3,PTDP,0,2,2,,1,2026-05-08 04:35:23.835955,2026-05-08 04:35:23.835955,
PTGD,GD,,2,PT,1,2,2,,1,2026-05-08 04:35:23.835955,2026-05-08 04:35:23.835955,
PTGD00,公达POS58打印机（套件）,,3,PTGD,0,2,2,,1,2026-05-08 04:35:23.835955,2026-05-08 04:35:23.835955,
PTGD01,公达POS58打印机,,3,PTGD,0,2,2,,1,2026-05-08 04:35:23.835955,2026-05-08 04:35:23.835955,
PTGDP1,公达POS58打印机适配器,,3,PTGD,0,2,2,,1,2026-05-08 04:35:23.835955,2026-05-08 04:35:23.835955,
PTK1,K1,,2,PT,1,2,2,,1,2026-05-08 04:35:23.835955,2026-05-08 04:35:23.835955,
PTK100,K1打印机,,3,PTK1,0,2,2,,1,2026-05-08 04:35:23.835955,2026-05-08 04:35:23.835955,
PTK101,K1打印头,,3,PTK1,0,2,2,,1,2026-05-08 04:35:23.835955,2026-05-08 04:35:23.835955,
PTK3,K3,,2,PT,1,2,2,,1,2026-05-08 04:35:23.835955,2026-05-08 04:35:23.835955,
PTK300,K3H打印机,,3,PTK3,0,2,2,,1,2026-05-08 04:35:23.835955,2026-05-08 04:35:23.835955,
PTK301,K3H打印头,,3,PTK3,0,2,2,,1,2026-05-08 04:35:23.835955,2026-05-08 04:35:23.835955,
PTK302,K3打印头,,3,PTK3,0,2,2,,1,2026-05-08 04:35:23.835955,2026-05-08 04:35:23.835955,
PTK303,K3打印机,,3,PTK3,0,2,2,,1,2026-05-08 04:35:23.835955,2026-05-08 04:35:23.835955,
PTK304,K3打印头挡片,,3,PTK3,0,2,2,,1,2026-05-08 04:35:23.835955,2026-05-08 04:35:23.835955,
PTK305,K3打印机手柄,,3,PTK3,0,2,2,,1,2026-05-08 04:35:23.835955,2026-05-08 04:35:23.835955,
PTK306,K3H打印机手柄,,3,PTK3,0,2,2,,1,2026-05-08 04:35:23.835955,2026-05-08 04:35:23.835955,
PTTF,TF,,2,PT,1,2,2,,1,2026-05-08 04:35:23.835955,2026-05-08 04:35:23.835955,
PTTF00,POS58P-TFB(套件),,3,PTTF,0,2,2,,1,2026-05-08 04:35:23.835955,2026-05-08 04:35:23.835955,
PTTF01,POS58P-TFB打印机头,,3,PTTF,0,2,2,,1,2026-05-08 04:35:23.835955,2026-05-08 04:35:23.835955,
PTTF02,POS58P-TFB打印控制卡,,3,PTTF,0,2,2,,1,2026-05-08 04:35:23.835955,2026-05-08 04:35:23.835955,
PTTF03,POS58P-TFB联机走纸控制卡,,3,PTTF,0,2,2,,1,2026-05-08 04:35:23.835955,2026-05-08 04:35:23.835955,
PTTFL1,POS58P-TFB打印机数据线,,3,PTTF,0,2,2,,1,2026-05-08 04:35:23.835955,2026-05-08 04:35:23.835955,
PTTFL2,POS58P-TFB打印机电源线,,3,PTTF,0,2,2,,1,2026-05-08 04:35:23.835955,2026-05-08 04:35:23.835955,
PTTFL3,POS58P-TFB打印机银箱线,,3,PTTF,0,2,2,,1,2026-05-08 04:35:23.835955,2026-05-08 04:35:23.835955,
PTZQ,ZQ,,2,PT,1,2,2,,1,2026-05-08 04:35:23.835955,2026-05-08 04:35:23.835955,
PTZQ00,AB-58KII打印机（套件）,,3,PTZQ,0,2,2,,1,2026-05-08 04:35:23.835955,2026-05-08 04:35:23.835955,
PTZQ01,AB-58KII打印机,,3,PTZQ,0,2,2,,1,2026-05-08 04:35:23.835955,2026-05-08 04:35:23.835955,
PTZQP1,AB-58KII打印机适配器,,3,PTZQ,0,2,2,,1,2026-05-08 04:35:23.835955,2026-05-08 04:35:23.835955,
PW,电源,,1,%,1,2,2,,1,2026-05-08 04:35:23.835955,2026-05-08 04:35:23.835955,
PW10,10,TFP102电源,2,PW,1,2,2,,1,2026-05-08 04:35:23.835955,2026-05-08 04:35:23.835955,
PW1001,TFP-102电源板,,3,PW10,0,2,2,,1,2026-05-08 04:35:23.835955,2026-05-08 04:35:23.835955,
PW20,20,TFP2010电源,2,PW,1,2,2,,1,2026-05-08 04:35:23.835955,2026-05-08 04:35:23.835955,
PW2001,SD-250FATX电源,,3,PW20,0,2,2,,1,2026-05-08 04:35:23.835955,2026-05-08 04:35:23.835955,
PW2002,SD-250PSF电源,,3,PW20,0,2,2,,1,2026-05-08 04:35:23.835955,2026-05-08 04:35:23.835955,
PW2003,SD-250PSU(E)电源,,3,PW20,0,2,2,,1,2026-05-08 04:35:23.835955,2026-05-08 04:35:23.835955,
PW40,40,TFP4000电源,2,PW,1,2,2,,1,2026-05-08 04:35:23.835955,2026-05-08 04:35:23.835955,
PW4001,TR-250电源,,3,PW40,0,2,2,,1,2026-05-08 04:35:23.835955,2026-05-08 04:35:23.835955,
PW4002,P4-250T（s）电源,,3,PW40,0,2,2,,1,2026-05-08 04:35:23.835955,2026-05-08 04:35:23.835955,
PW4003,ATX-300P4-PFC,,3,PW40,0,2,2,,1,2026-05-08 04:35:23.835955,2026-05-08 04:35:23.835955,
PW4004,BS2006,,3,PW40,0,2,2,,1,2026-05-08 04:35:23.835955,2026-05-08 04:35:23.835955,
PW4005,睿智300S,,3,PW40,0,2,2,,1,2026-05-08 04:35:23.835955,2026-05-08 04:35:23.835955,
PW4006,安卓双屏电源PF-120350,,3,PW40,0,2,2,,1,2026-05-08 04:35:23.835955,2026-05-08 04:35:23.835955,
PW4007,安卓双屏电源FJ-SW1203000D,,3,PW40,0,2,2,,1,2026-05-08 04:35:23.835955,2026-05-08 04:35:23.835955,
PW50,50,,2,PW,1,2,2,,1,2026-05-08 04:35:23.835955,2026-05-08 04:35:23.835955,
PW5001,TFP5000电源（火牛）,,3,PW50,0,2,2,,1,2026-05-08 04:35:23.835955,2026-05-08 04:35:23.835955,
PW70,70,,2,PW,1,2,2,,1,2026-05-08 04:35:23.835955,2026-05-08 04:35:23.835955,
PW7001,TFP7000电源（电源板）,,3,PW70,0,2,2,,1,2026-05-08 04:35:23.835955,2026-05-08 04:35:23.835955,
PW7002,TFP7000电源(电源适配器)转接板,,3,PW70,0,2,2,,1,2026-05-08 04:35:23.835955,2026-05-08 04:35:23.835955,
PW7003,TFP7000电源（电源适配器）,,3,PW70,0,2,2,,1,2026-05-08 04:35:23.835955,2026-05-08 04:35:23.835955,
QT,其他,,1,%,1,2,2,,1,2026-05-08 04:35:23.835955,2026-05-08 04:35:23.835955,
QT00,00,,2,QT,1,2,2,,1,2026-05-08 04:35:23.835955,2026-05-08 04:35:23.835955,
QT0000,未定义,,3,QT00,0,2,2,,1,2026-05-08 04:35:23.835955,2026-05-08 04:35:23.835955,
QTPC,PC,,2,QT,1,2,2,,1,2026-05-08 04:35:23.835955,2026-05-08 04:35:23.835955,
QTPC00,路由器,,3,QTPC,0,2,2,,1,2026-05-08 04:35:23.835955,2026-05-08 04:35:23.835955,
QTPC01,PC键盘,,3,QTPC,0,2,2,,1,2026-05-08 04:35:23.835955,2026-05-08 04:35:23.835955,
QTPC02,TFP7000电源（电源板）,,3,QTPC,0,2,2,,1,2026-05-08 04:35:23.835955,2026-05-08 04:35:23.835955,
SF,软件故障,,1,%,1,2,1,,1,2026-05-08 04:35:23.835955,2026-05-08 04:35:23.835955,
SFBG01,后台类,,2,SF,1,2,1,,1,2026-05-08 04:35:23.835955,2026-05-08 04:35:23.835955,
SFBG0101,后台故障,,3,SFBG01,0,2,1,,1,2026-05-08 04:35:23.835955,2026-05-08 04:35:23.835955,
SFDT01,数据库类,,2,SF,1,2,1,,1,2026-05-08 04:35:23.835955,2026-05-08 04:35:23.835955,
SFDT0101,数据库故障,,3,SFDT01,0,2,1,,1,2026-05-08 04:35:23.835955,2026-05-08 04:35:23.835955,Y
SFPG01,应用程序类,,2,SF,1,2,1,,1,2026-05-08 04:35:23.835955,2026-05-08 04:35:23.835955,
SFPG0101,应用程序故障,,3,SFPG01,0,2,1,,1,2026-05-08 04:35:23.835955,2026-05-08 04:35:23.835955,Y
SFSY01,系统类,,2,SF,1,2,1,,1,2026-05-08 04:35:23.835955,2026-05-08 04:35:23.835955,
SFSY0101,系统故障,,3,SFSY01,0,2,1,,1,2026-05-08 04:35:23.835955,2026-05-08 04:35:23.835955,Y
SP,视频机,第5位：“M”为主板类；“P”为电源类；“T”为转接板类；“D”为液晶屏幕类；“S”为外壳类；“I”为高压板类。,1,%,1,2,2,,1,2026-05-08 04:35:23.835955,2026-05-08 04:35:23.835955,
SPXS,XS,,2,SP,1,2,2,,1,2026-05-08 04:35:23.835955,2026-05-08 04:35:23.835955,
SPXS01,仙视高清32寸视频机,,3,SPXS,0,2,2,,1,2026-05-08 04:35:23.835955,2026-05-08 04:35:23.835955,
SPXS24,仙视24寸视频机,,3,SPXS,0,2,2,,1,2026-05-08 04:35:23.835955,2026-05-08 04:35:23.835955,
SPXS32,仙视32寸视频机,,3,SPXS,0,2,2,,1,2026-05-08 04:35:23.835955,2026-05-08 04:35:23.835955,
SPXS40,仙视40寸视频机,,3,SPXS,0,2,2,,1,2026-05-08 04:35:23.835955,2026-05-08 04:35:23.835955,
SPXS46,仙视46寸视频机,,3,SPXS,0,2,2,,1,2026-05-08 04:35:23.835955,2026-05-08 04:35:23.835955,
SPXSD1,仙视视频机32寸液晶屏幕,,3,SPXS,0,2,2,,1,2026-05-08 04:35:23.835955,2026-05-08 04:35:23.835955,
SPXSD2,仙视视频机40寸液晶屏幕,,3,SPXS,0,2,2,,1,2026-05-08 04:35:23.835955,2026-05-08 04:35:23.835955,
SPXSI1,仙视视频机32寸高压板,,3,SPXS,0,2,2,,1,2026-05-08 04:35:23.835955,2026-05-08 04:35:23.835955,
SPXSI2,仙视视频机40寸高压板,,3,SPXS,0,2,2,,1,2026-05-08 04:35:23.835955,2026-05-08 04:35:23.835955,
SPXSM1,仙视视频机主板,,3,SPXS,0,2,2,,1,2026-05-08 04:35:23.835955,2026-05-08 04:35:23.835955,
SPXSP1,仙视视频机电源板,,3,SPXS,0,2,2,,1,2026-05-08 04:35:23.835955,2026-05-08 04:35:23.835955,
SPXSS1,仙视视频机32寸外壳,,3,SPXS,0,2,2,,1,2026-05-08 04:35:23.835955,2026-05-08 04:35:23.835955,
SPXSS2,仙视视频机40寸外壳,,3,SPXS,0,2,2,,1,2026-05-08 04:35:23.835955,2026-05-08 04:35:23.835955,
SPXST1,仙视视频机LCD转接板,,3,SPXS,0,2,2,,1,2026-05-08 04:35:23.835955,2026-05-08 04:35:23.835955,
UP,UPS,,1,%,1,2,2,,1,2026-05-08 04:35:23.835955,2026-05-08 04:35:23.835955,
UP00,00,,2,UP,1,2,2,,1,2026-05-08 04:35:23.835955,2026-05-08 04:35:23.835955,
UP0000,220V 5A保险丝（配UPS使用）,,3,UP00,0,2,2,,1,2026-05-08 04:35:23.835955,2026-05-08 04:35:23.835955,
UPPR,PR,,2,UP,1,2,2,,1,2026-05-08 04:35:23.835955,2026-05-08 04:35:23.835955,
UPPR00,PRO2050,,3,UPPR,0,2,2,,1,2026-05-08 04:35:23.835955,2026-05-08 04:35:23.835955,
UPSD,SD,,2,UP,1,2,2,,1,2026-05-08 04:35:23.835955,2026-05-08 04:35:23.835955,
UPSD00,SD-500,,3,UPSD,0,2,2,,1,2026-05-08 04:35:23.835955,2026-05-08 04:35:23.835955,
UPSK,SK,,2,UP,1,2,2,,1,2026-05-08 04:35:23.835955,2026-05-08 04:35:23.835955,
UPSK00,SK-500,,3,UPSK,0,2,2,,1,2026-05-08 04:35:23.835955,2026-05-08 04:35:23.835955,
UPSV,SV,,2,UP,1,2,2,,1,2026-05-08 04:35:23.835955,2026-05-08 04:35:23.835955,
UPSV00,SVC-0.5KVA,,3,UPSV,0,2,2,,1,2026-05-08 04:35:23.835955,2026-05-08 04:35:23.835955,
UPTG,TG,,2,UP,1,2,2,,1,2026-05-08 04:35:23.835955,2026-05-08 04:35:23.835955,
UPTG00,TG500,,3,UPTG,0,2,2,,1,2026-05-08 04:35:23.835955,2026-05-08 04:35:23.835955,
XC,线材,,1,%,1,2,2,,1,2026-05-08 04:35:23.835955,2026-05-08 04:35:23.835955,
XC00,00,,2,XC,1,2,2,,1,2026-05-08 04:35:23.835955,2026-05-08 04:35:23.835955,
XC0000,通用标准3C电源线,通用标准3C电源线（显示器、电源、SP512/542MC打印机电源线）,3,XC00,0,2,2,,1,2026-05-08 04:35:23.835955,2026-05-08 04:35:23.835955,
XC0001,拖线板,,3,XC00,0,2,2,,1,2026-05-08 04:35:23.835955,2026-05-08 04:35:23.835955,
XC0002,COM2线,,3,XC00,0,2,2,,1,2026-05-08 04:35:23.835955,2026-05-08 04:35:23.835955,
XC0003,VGA延长线,,3,XC00,0,2,2,,1,2026-05-08 04:35:23.835955,2026-05-08 04:35:23.835955,
XC0004,USB延长线,,3,XC00,0,2,2,,1,2026-05-08 04:35:23.835955,2026-05-08 04:35:23.835955,
XC0005,COM延长线,,3,XC00,0,2,2,,1,2026-05-08 04:35:23.835955,2026-05-08 04:35:23.835955,
XC0006,电话线,,3,XC00,0,2,2,,1,2026-05-08 04:35:23.835955,2026-05-08 04:35:23.835955,
XC0007,网线,,3,XC00,0,2,2,,1,2026-05-08 04:35:23.835955,2026-05-08 04:35:23.835955,
XC0008,电源4PIN二拖二线,,3,XC00,0,2,2,,1,2026-05-08 04:35:23.835955,2026-05-08 04:35:23.835955,
XC0009,电源4PIN转SATA线,,3,XC00,0,2,2,,1,2026-05-08 04:35:23.835955,2026-05-08 04:35:23.835955,
XC0010,TFP5000主机电源线,,3,XC00,0,2,2,,1,2026-05-08 04:35:23.835955,2026-05-08 04:35:23.835955,
XC0011,TFP7000主机电源线,,3,XC00,0,2,2,,1,2026-05-08 04:35:23.835955,2026-05-08 04:35:23.835955,
XC0012,TFP7000通讯板数据线,,3,XC00,0,2,2,,1,2026-05-08 04:35:23.835955,2026-05-08 04:35:23.835955,
XT,箱体及附件,,1,%,1,2,2,,1,2026-05-08 04:35:23.835955,2026-05-08 04:35:23.835955,
XT20,20,TFP2010机箱配件,2,XT,1,2,2,,1,2026-05-08 04:35:23.835955,2026-05-08 04:35:23.835955,
XT2000,TFP2010箱体（套件）,,3,XT20,0,2,2,,1,2026-05-08 04:35:23.835955,2026-05-08 04:35:23.835955,
XT2001,TFP2010塑料上盖,,3,XT20,0,2,2,,1,2026-05-08 04:35:23.835955,2026-05-08 04:35:23.835955,
XT2002,TFP2010塑料下盖,,3,XT20,0,2,2,,1,2026-05-08 04:35:23.835955,2026-05-08 04:35:23.835955,
XT2003,TFP2010塑料底盖,,3,XT20,0,2,2,,1,2026-05-08 04:35:23.835955,2026-05-08 04:35:23.835955,
XT2004,TFP2010塑料打印机盖,,3,XT20,0,2,2,,1,2026-05-08 04:35:23.835955,2026-05-08 04:35:23.835955,
XT2005,TFP2010塑料打印机按钮,,3,XT20,0,2,2,,1,2026-05-08 04:35:23.835955,2026-05-08 04:35:23.835955,
XT2006,TFP2010塑料显示器底座,,3,XT20,0,2,2,,1,2026-05-08 04:35:23.835955,2026-05-08 04:35:23.835955,
XT2007,TFP2010塑料显示器托架,,3,XT20,0,2,2,,1,2026-05-08 04:35:23.835955,2026-05-08 04:35:23.835955,
XT2008,TFP2010塑料显示器托架固定件,,3,XT20,0,2,2,,1,2026-05-08 04:35:23.835955,2026-05-08 04:35:23.835955,
XT2009,TFP2010五金托架,,3,XT20,0,2,2,,1,2026-05-08 04:35:23.835955,2026-05-08 04:35:23.835955,
XT2010,TFP2010五金后箱体上盖,,3,XT20,0,2,2,,1,2026-05-08 04:35:23.835955,2026-05-08 04:35:23.835955,
XT2011,TFP2010五金后箱体下盖,,3,XT20,0,2,2,,1,2026-05-08 04:35:23.835955,2026-05-08 04:35:23.835955,
XT2012,TFP2010五金打印机支架,,3,XT20,0,2,2,,1,2026-05-08 04:35:23.835955,2026-05-08 04:35:23.835955,
XT2013,TFP2010五金硬盘支架,,3,XT20,0,2,2,,1,2026-05-08 04:35:23.835955,2026-05-08 04:35:23.835955,
XT2014,TFP2010五金modem支架,,3,XT20,0,2,2,,1,2026-05-08 04:35:23.835955,2026-05-08 04:35:23.835955,
XT2015,TFP2010五金电源支架,,3,XT20,0,2,2,,1,2026-05-08 04:35:23.835955,2026-05-08 04:35:23.835955,
XT40,40,TFP4000机箱配件,2,XT,1,2,2,,1,2026-05-08 04:35:23.835955,2026-05-08 04:35:23.835955,
XT4000,TFP4000箱体（套件）,,3,XT40,0,2,2,,1,2026-05-08 04:35:23.835955,2026-05-08 04:35:23.835955,
XT4001,TFP4000塑料箱体,,3,XT40,0,2,2,,1,2026-05-08 04:35:23.835955,2026-05-08 04:35:23.835955,
XT4002,TFP4000五金箱体,,3,XT40,0,2,2,,1,2026-05-08 04:35:23.835955,2026-05-08 04:35:23.835955,
XT4003,TFP4000后背板,,3,XT40,0,2,2,,1,2026-05-08 04:35:23.835955,2026-05-08 04:35:23.835955,
XT4004,TFP4000开关按钮,,3,XT40,0,2,2,,1,2026-05-08 04:35:23.835955,2026-05-08 04:35:23.835955,
XT4005,TFP4000塑料显示器固定件,,3,XT40,0,2,2,,1,2026-05-08 04:35:23.835955,2026-05-08 04:35:23.835955,
XT40C1,TFP4000机箱开关控制卡,,3,XT40,0,2,2,,1,2026-05-08 04:35:23.835955,2026-05-08 04:35:23.835955,
XT40F1,TFP4000机箱风扇,,3,XT40,0,2,2,,1,2026-05-08 04:35:23.835955,2026-05-08 04:35:23.835955,
XT40K1,TFP4000机箱钥匙,,3,XT40,0,2,2,,1,2026-05-08 04:35:23.835955,2026-05-08 04:35:23.835955,
XT40K2,TFP4000机箱开关控制锁,,3,XT40,0,2,2,,1,2026-05-08 04:35:23.835955,2026-05-08 04:35:23.835955,
XT40L1,TFP4000机箱开前置USB延长线,,3,XT40,0,2,2,,1,2026-05-08 04:35:23.835955,2026-05-08 04:35:23.835955,
XT40L2,TFP4000机箱开关控制卡连接线,,3,XT40,0,2,2,,1,2026-05-08 04:35:23.835955,2026-05-08 04:35:23.835955,
XT50,50,TFP5000机箱配件,2,XT,1,2,2,,1,2026-05-08 04:35:23.835955,2026-05-08 04:35:23.835955,
XT5000,TFP5000箱体（套件）,,3,XT50,0,2,2,,1,2026-05-08 04:35:23.835955,2026-05-08 04:35:23.835955,
XT5001,TFP5000面壳(不含打印机上盖),,3,XT50,0,2,2,,1,2026-05-08 04:35:23.835955,2026-05-08 04:35:23.835955,
XT70,70,TFP7000机箱配件,2,XT,1,2,2,,1,2026-05-08 04:35:23.835955,2026-05-08 04:35:23.835955,
XT7000,TFP7000箱体（套件）,,3,XT70,0,2,2,,1,2026-05-08 04:35:23.835955,2026-05-08 04:35:23.835955,
XT7001,TFP7000面壳(不含打印机上盖),,3,XT70,0,2,2,,1,2026-05-08 04:35:23.835955,2026-05-08 04:35:23.835955,
XT7002,TFP7000打印机上盖,,3,XT70,0,2,2,,1,2026-05-08 04:35:23.835955,2026-05-08 04:35:23.835955,
XT7003,TFP7000显示底座,,3,XT70,0,2,2,,1,2026-05-08 04:35:23.835955,2026-05-08 04:35:23.835955,
